{
  "project_info": {
    "project_number": "242789951046",
    "firebase_url": "https://travelmantic-17e67.firebaseio.com",
    "project_id": "travelmantic-17e67",
    "storage_bucket": "travelmantic-17e67.appspot.com"
  },
  "client": [
    {
      "client_info": {
        "mobilesdk_app_id": "1:242789951046:android:99bdf125d58b7285",
        "android_client_info": {
          "package_name": "com.example.magsearch.travelmantics"
        }
      },
      "oauth_client": [
        {
          "client_id": "242789951046-p61tfppj5bjnm2aguecda1ejce6k6apd.apps.googleusercontent.com",
          "client_type": 1,
          "android_info": {
            "package_name": "com.example.magsearch.travelmantics",
            "certificate_hash": "42a042d4b105b3450643a62fce5bd59994939934"
          }
        },
        {
          "client_id": "242789951046-qvi5420j78ph7h16n275i252ahmismrf.apps.googleusercontent.com",
          "client_type": 3
        }
      ],
      "api_key": [
        {
          "current_key": "AIzaSyCQOTIwUx68t7UPgu9nOQeW5TliSzhBy7U"
        }
      ],
      "services": {
        "appinvite_service": {
          "other_platform_oauth_client": [
            {
              "client_id": "242789951046-qvi5420j78ph7h16n275i252ahmismrf.apps.googleusercontent.com",
              "client_type": 3
            }
          ]
        }
      }
    }
  ],
  "configuration_version": "1"
}